timestamp,aX,aY,aZ,gX,gY,gZ
2910,-136,209,1.831,41.260,5.737,-7.446
2919,132,19,1.003,18.005,66.895,24.292
2927,439,-145,740,-4.211,73.608,28.809
2935,495,-86,686,-19.043,41.626,16.846
2944,362,99,734,-36.560,13.977,10.437
2952,298,185,774,-44.556,1.282,3.479
2961,276,204,801,-39.001,-8.423,-2.014
2969,247,192,854,-24.658,-15.747,-3.540
2977,203,206,938,-10.864,-19.470,-3.906
2986,168,177,1.054,1.831,-19.592,-3.784
2995,140,125,1.055,7.324,-18.860,-3.479
3003,115,96,963,2.380,-12.024,-1.770
3012,139,73,845,-6.592,-2.319,427
3020,164,92,816,-14.954,1.099,1.831
3028,167,144,880,-17.761,183,2.747
3037,157,191,969,-13.611,-1.709,3.540
3045,136,210,1.006,-5.981,-3.845,4.028
3054,129,191,986,-305,-4.822,4.272
3062,140,138,924,1.526,-4.517,3.906
3071,148,111,860,-1.709,-4.883,2.686
3079,144,118,863,-5.798,-5.920,977
3088,132,145,911,-6.409,-7.141,-183
3096,126,166,957,-3.357,-7.080,122
3105,130,164,958,732,-5.127,1.038
3113,146,142,922,2.991,-2.563,2.380
3122,168,127,892,1.770,-916,3.235
3130,177,120,892,-671,-1.038,3.662
3138,174,132,922,-2.319,-2.869,3.967
3147,169,150,958,-2.319,-3.601,4.395
3156,175,167,981,-1.282,-3.113,4.822
3164,186,159,969,-549,-2.136,3.967
3172,197,146,938,-1.038,-2.014,2.502
3181,191,135,913,-2.014,-3.418,1.709
3190,180,137,920,-2.014,-6.104,1.404
3198,165,148,943,-1.038,-7.751,1.038
3206,155,155,950,-244,-6.958,793
3215,156,160,945,366,-4.089,793
3223,164,154,928,1.160,-1.648,1.099
3232,171,147,914,1.587,-977,1.648
3240,171,142,915,2.136,-1.648,2.197
3249,163,139,933,2.625,-3.174,2.808
3257,161,142,950,2.563,-4.456,3.174
3266,158,143,954,2.136,-4.578,3.174
3274,159,137,947,1.282,-3.906,2.747
3282,160,136,933,366,-3.540,2.502
3291,156,135,927,0,-3.479,2.625
3299,152,138,928,61,-3.479,3.052
3308,148,144,929,488,-2.686,3.418
3317,150,149,928,1.282,-1.465,3.601
3325,154,155,925,1.831,-549,3.784
3333,160,159,922,2.319,488,3.906
3342,166,161,925,2.380,427,4.028
3350,164,161,933,2.380,-366,3.784
3359,164,155,939,2.441,-1.221,3.235
3367,158,146,942,2.319,-1.953,2.747
3376,153,137,941,1.953,-2.319,2.380
3384,150,126,934,1.221,-1.953,2.319
3393,152,122,926,610,-977,2.441
3401,152,121,923,0,-122,3.174
3409,154,127,926,-427,610,3.845
3418,157,139,932,-61,793,4.333
3426,161,149,939,732,916,4.822
3435,164,161,939,1.160,916,4.517
3444,168,160,934,977,1.282,3.662
3452,170,153,927,549,1.221,2.991
3461,167,147,924,366,610,2.380
3468,163,139,928,122,122,2.014
3477,157,136,937,-61,-183,1.892
3486,151,134,944,-122,-427,2.014
3494,150,133,946,-122,-61,2.380
3502,151,135,944,61,366,2.869
3511,158,134,937,488,916,3.296
3520,153,130,931,610,1.465,3.723
3528,155,135,930,122,1.465,3.845
3537,166,144,935,0,1.038,3.784
3545,168,152,939,-305,793,3.662
3554,171,157,935,-610,732,3.174
3562,174,155,928,-793,549,2.502
3571,171,152,927,-916,122,2.075
3579,168,149,927,-916,-549,1.404
3587,164,139,930,-793,-977,1.282
3596,161,134,934,-183,-1.038,1.526
3604,162,134,937,-122,-1.099,1.953
3613,164,137,936,-183,-916,2.197
3621,169,142,933,-305,-549,2.319
3630,171,146,934,-854,-610,2.258
3638,172,149,937,-854,-916,1.892
3647,167,148,939,-1.038,-1.709,1.709
3655,162,145,938,-1.160,-2.136,1.587
3664,159,145,935,-1.099,-2.075,1.709
3672,158,144,929,-916,-1.770,1.770
3680,156,140,923,-671,-1.587,1.709
3689,156,140,923,-793,-1.404,1.953
3698,157,142,927,-183,-1.038,2.014
3706,158,142,934,-122,-916,1.953
3714,157,138,938,183,-610,2.136
3723,160,138,942,183,-549,2.258
3731,163,143,942,-305,-244,2.502
3740,167,149,939,-1.221,-122,2.563
3748,168,152,934,-2.136,-427,2.075
3756,167,153,930,-2.319,-1.038,1.709
3765,162,154,930,-2.014,-1.709,1.648
3773,158,151,930,-1.160,-2.197,1.587
3782,156,146,927,-305,-2.197,1.770
3791,153,148,930,61,-1.831,1.953
3799,156,140,932,61,-1.282,2.319
3808,159,141,930,122,-793,2.258
3816,158,145,930,-122,0,2.625
3824,162,148,935,-61,366,2.869
3833,165,148,937,244,366,3.174
3841,163,151,938,305,366,3.174
3850,165,152,938,-61,61,2.930
3858,166,151,936,-122,-244,2.686
3867,166,150,931,-610,-671,2.319
3875,163,148,928,-1.038,-1.160,1.831
3884,158,148,931,-671,-1.648,1.709
3892,155,147,935,-366,-1.953,1.892
3901,156,148,935,-366,-1.038,2.136
3909,158,149,931,-427,-122,2.258
,,,,,,
6983,-203,365,2.473,-31.250,45.898,9.094
6991,-133,363,2.483,-13.123,85.327,17.761
7000,-123,306,2.525,6.958,109.680,22.278
7008,-85,199,2.554,22.888,129.272,23.499
7017,-112,110,2.578,29.846,148.254,26.367
7025,-159,64,2.636,29.297,169.189,30.151
7034,-181,70,2.619,24.231,196.411,33.875
7042,-196,103,2.476,19.958,232.666,39.368
7051,-168,152,2.240,20.142,269.775,47.119
7059,-108,155,1.967,25.269,300.476,55.786
7067,-50,173,1.689,32.043,322.693,65.430
7076,15,227,1.429,36.255,336.548,72.205
7084,32,259,1.244,36.865,345.764,72.693
7093,28,277,1.046,35.583,355.469,69.885
7101,17,316,820,33.508,361.328,65.491
7110,43,363,598,31.860,362.793,59.998
7118,61,406,364,29.663,359.802,51.147
7127,80,393,131,25.574,354.919,37.781
7135,60,347,-80,21.423,343.872,23.560
7144,14,343,-239,23.437,324.707,11.963
7152,-5,324,-367,33.081,301.086,4.028
7161,-3,322,-483,46.875,276.428,977
7169,25,332,-556,60.974,251.160,1.953
7178,35,315,-601,71.411,225.403,3.967
7186,6,301,-658,74.829,202.332,5.371
7195,40,267,-766,70.190,186.829,6.958
7203,81,247,-893,59.998,176.208,7.751
7211,151,267,-1.012,49.927,166.626,7.874
7220,251,297,-1.148,43.274,155.884,7.568
7229,329,315,-1.265,40.283,138.306,5.859
7237,403,322,-1.346,41.565,116.089,2.136
7246,468,299,-1.390,45.532,90.698,-2.197
7254,508,249,-1.390,47.913,61.707,-6.104
7262,524,204,-1.354,44.922,32.532,-9.338
7271,538,161,-1.291,35.645,7.202,-11.841
7279,562,140,-1.226,21.851,-14.038,-13.489
7288,578,143,-1.163,7.080,-32.166,-13.428
7296,601,153,-1.080,-6.165,-49.438,-12.268
7305,611,152,-976,-16.357,-67.505,-10.986
7313,605,153,-860,-23.926,-84.778,-9.644
7322,614,165,-735,-30.273,-99.182,-7.874
7330,639,188,-606,-34.424,-111.816,-6.409
7338,656,209,-484,-35.889,-123.108,-5.981
7347,670,238,-355,-34.485,-133.728,-6.897
7355,682,277,-227,-30.396,-144.287,-8.667
7364,680,310,-118,-23.560,-153.137,-11.353
7373,655,318,-28,-15.015,-160.034,-15.564
7381,624,280,44,-6.287,-164.246,-20.691
7389,577,208,100,732,-167.236,-26.306
7398,522,135,153,4.395,-169.006,-30.212
7406,508,79,186,4.456,-167.053,-30.212
7415,516,41,199,1.953,-162.598,-27.222
7423,537,39,224,-2.136,-161.987,-23.743
7432,553,72,257,-8.179,-165.039,-20.264
7440,572,148,296,-15.442,-167.969,-18.250
7449,598,245,364,-20.752,-173.828,-20.569
7457,590,266,456,-21.790,-182.617,-27.710
7466,529,214,604,-20.935,-196.655,-38.330
7474,455,145,777,-21.484,-206.970,-48.828
7482,356,57,918,-23.987,-208.313,-54.871
7491,274,-12,993,-27.039,-199.219,-53.467
7499,277,-34,1.011,-28.687,-181.641,-45.349
7508,326,30,1.000,-27.588,-162.476,-32.837
7516,406,160,972,-22.095,-148.010,-20.752
7525,480,221,916,-14.832,-140.381,-16.052
7533,535,262,865,-9.644,-140.991,-20.874
7542,571,220,874,-8.545,-148.682,-32.410
7550,504,74,1.002,-12.390,-163.330,-47.119
7558,369,-72,1.203,-23.804,-180.420,-59.998
7567,199,-156,1.385,-41.870,-186.340,-63.171
7576,119,-148,1.484,-60.242,-169.189,-54.260
7584,168,-54,1.483,-70.679,-135.803,-39.429
7593,269,44,1.417,-67.139,-104.492,-23.499
7601,338,143,1.330,-50.903,-85.754,-9.949
7609,379,189,1.246,-26.978,-79.346,-1.892
7618,396,189,1.192,-3.967,-80.811,732
7627,374,152,1.175,11.353,-86.670,-2.563
7635,391,38,1.163,13.611,-89.050,-11.108
7643,389,-59,1.151,2.258,-85.327,-20.935
7652,349,-105,1.176,-15.320,-83.313,-25.818
7660,307,-123,1.211,-32.959,-82.214,-24.902
7669,289,-80,1.193,-48.706,-75.195,-18.555
7677,300,3,1.134,-60.303,-63.477,-10.559
7686,358,122,1.060,-65.674,-52.307,-5.249
7694,404,252,998,-60.974,-48.340,-3.784
7703,434,316,991,-45.166,-52.612,-5.432
7711,403,282,1.054,-24.048,-65.796,-10.071
7720,314,190,1.180,-6.653,-80.627,-16.479
7728,225,83,1.280,2.197,-85.205,-20.325
7737,157,-3,1.336,1.892,-77.759,-19.531
7745,128,-48,1.328,-4.822,-60.547,-13.977
7753,156,-39,1.264,-14.526,-38.269,-5.554
7762,207,4,1.155,-23.315,-16.968,2.258
7770,255,48,1.043,-29.602,-1.892,8.667
7779,297,89,945,-33.325,4.944,12.573
7787,342,155,874,-34.302,6.165,14.282
7796,380,219,825,-31.494,2.380,13.062
7804,395,247,828,-25.452,-7.751,8.240
7813,364,238,896,-17.822,-22.583,1.892
7821,302,216,1.003,-11.597,-35.706,-3.296
7830,240,179,1.090,-7.385,-40.833,-6.348
7838,189,144,1.129,-5.127,-37.659,-6.775
7847,178,119,1.130,-4.944,-29.114,-4.272
7855,200,116,1.086,-6.714,-17.883,-183
7864,226,126,1.021,-9.766,-9.094,3.723
7872,252,142,963,-12.878,-3.906,6.287
7880,275,165,914,-15.381,-2.319,7.141
7889,302,205,882,-16.846,-2.625,6.714
7898,326,238,863,-16.541,-5.188,4.700
7906,320,251,868,-14.038,-10.620,854
7914,302,240,907,-10.071,-18.127,-2.502
7923,249,209,961,-5.798,-24.414,-4.700
7931,223,177,1.001,-3.540,-24.170,-5.554
7940,199,151,1.004,-4.211,-20.447,-4.822
7948,198,143,985,-6.287,-14.465,-3.174
7957,216,151,944,-8.789,-8.545,-732
7965,230,170,902,-9.766,-5.005,1.831
7974,242,200,886,-9.460,-4.028,3.052
7982,203,348,1.048,-4.761,-2.625,2.869
,,,,,,
8930,-380,549,2.966,-22.766,-72.449,-50.293
8939,-601,459,3.067,15.442,-21.057,-40.588
8947,-498,384,3.001,58.228,45.532,-18.005
8956,-296,253,2.854,87.463,105.286,671
8964,-280,63,2.761,93.384,135.986,7.690
8973,-291,-56,2.672,82.336,159.363,9.216
8981,-291,-62,2.555,66.284,189.819,12.878
8990,-308,-36,2.423,54.688,215.759,18.555
8998,-299,-51,2.274,48.950,240.601,24.597
9006,-365,-86,2.137,45.227,261.169,30.029
9015,-450,-82,1.973,41.748,281.494,36.621
9024,-500,-17,1.722,38.330,310.364,46.387
9032,-583,63,1.393,34.607,341.675,54.871
9041,-436,143,1.032,31.128,379.883,59.082
9049,-337,239,661,28.625,401.855,58.960
9057,-245,263,379,28.320,401.489,54.016
9066,-170,282,176,29.419,389.404,47.058
9074,-190,279,22,31.494,367.249,39.734
9083,-185,265,-125,33.875,348.450,32.776
9091,-180,321,-288,38.757,334.106,29.968
9100,-126,366,-429,46.082,316.956,29.602
9108,-28,368,-541,50.415,297.058,26.794
9117,4,354,-666,52.185,276.062,20.447
9125,26,341,-773,56.702,250.977,14.709
9134,48,301,-890,65.796,225.647,11.353
9142,71,228,-1.021,75.378,205.750,8.179
9151,74,169,-1.204,82.214,190.674,7.568
9159,129,148,-1.427,82.092,180.664,9.888
9167,253,151,-1.655,75.623,173.889,13.245
9176,350,163,-1.851,66.040,160.156,15.381
9184,439,177,-1.982,55.359,137.390,16.357
9193,533,174,-2.036,43.335,109.314,16.541
9201,601,175,-2.013,30.212,75.745,15.686
9210,650,194,-1.887,17.090,37.537,14.832
9218,691,216,-1.689,3.967,-671,12.878
9227,688,229,-1.460,-9.583,-37.170,9.399
9235,666,228,-1.207,-21.790,-69.885,4.089
9244,661,235,-970,-32.471,-95.764,-1.404
9252,669,262,-748,-39.429,-116.577,-5.310
9261,671,270,-532,-40.222,-135.010,-9.705
9269,646,244,-332,-35.645,-150.146,-14.832
9278,620,223,-150,-28.137,-160.217,-18.921
9286,597,209,-17,-18.799,-164.673,-20.996
9294,583,188,68,-8.606,-164.185,-21.606
9303,586,136,137,977,-161.499,-21.729
9311,573,48,214,6.836,-160.095,-21.973
9320,553,-36,303,6.653,-159.058,-22.095
9328,524,-99,365,732,-155.029,-20.447
9337,512,-143,411,-9.583,-147.339,-16.541
9345,546,-121,438,-22.583,-136.414,-10.925
9354,630,-45,448,-35.339,-128.418,-5.737
9363,650,33,477,-44.495,-132.690,-3.296
9371,672,104,519,-48.828,-136.292,-2.258
9379,673,173,544,-48.767,-139.893,-3.479
9388,653,189,600,-42.175,-145.203,-6.104
9396,603,137,693,-31.555,-151.367,-9.155
9405,549,41,789,-22.949,-154.053,-11.047
9413,481,-53,849,-21.301,-149.780,-10.071
9421,464,-97,849,-27.161,-137.817,-5.676
9430,477,-80,833,-38.147,-124.329,732
9438,536,4,805,-48.157,-110.474,7.446
9447,614,129,778,-54.321,-100.952,10.681
9455,682,250,756,-54.138,-98.022,8.911
9464,693,349,744,-44.983,-103.577,3.540
9472,682,409,763,-26.978,-115.051,-3.296
9481,663,398,800,-5.371,-130.371,-11.108
9489,630,301,855,12.085,-146.729,-19.043
9498,535,126,976,19.165,-160.706,-28.625
9506,458,-53,1.126,13.733,-168.091,-37.903
9515,306,-156,1.234,-1.770,-166.138,-39.490
9523,207,-157,1.261,-20.630,-146.057,-29.358
9531,268,-46,1.208,-36.499,-112.549,-12.695
9540,434,118,1.123,-42.542,-80.383,1.404
9549,518,246,1.083,-36.194,-66.162,7.996
9557,507,344,1.076,-20.874,-66.345,6.714
9566,523,355,1.043,-3.113,-72.144,-122
9574,518,272,1.014,11.780,-81.726,-10.132
9583,491,183,1.001,21.973,-91.492,-20.569
9591,451,101,990,26.672,-97.656,-26.550
9599,432,7,1.003,24.658,-100.586,-28.809
9608,395,-86,1.052,14.709,-100.525,-29.114
9616,344,-109,1.095,-2.014,-98.328,-27.466
9625,322,-60,1.117,-18.555,-90.393,-21.729
9633,315,31,1.108,-29.419,-79.407,-14.526
9642,343,104,1.075,-31.006,-69.824,-9.766
9650,348,131,1.050,-24.048,-65.857,-7.141
9659,340,140,1.025,-14.038,-64.514,-5.981
9667,350,145,998,-5.554,-63.171,-6.042
9675,380,132,996,-1.770,-62.622,-7.629
9684,369,91,1.065,-3.418,-65.613,-11.536
9692,318,55,1.175,-10.132,-70.557,-16.846
9701,263,58,1.270,-18.250,-69.214,-19.897
9709,218,62,1.310,-24.109,-59.509,-19.287
9718,205,64,1.291,-25.391,-45.349,-15.747
9726,230,59,1.221,-22.644,-30.334,-10.620
9735,270,53,1.127,-19.165,-17.639,-5.127
9743,304,40,1.041,-17.395,-10.132,-1.038
9752,333,49,972,-18.494,-7.019,1.770
9760,351,88,916,-19.958,-6.592,3.540
9769,373,134,879,-19.592,-8.301,4.089
9777,393,179,861,-16.724,-13.123,2.991
9786,384,203,885,-12.146,-20.874,-671
9794,342,180,945,-6.958,-29.663,-5.737
9803,291,131,1.001,-2.380,-34.241,-9.949
9811,252,81,1.033,610,-33.142,-10.864
9820,236,48,1.042,2.075,-28.564,-8.728
9828,241,36,1.008,977,-21.301,-4.700
9837,263,53,954,-2.319,-14.099,-732
9845,302,87,891,-6.409,-9.277,2.686
9853,308,125,832,-10.498,-8.057,4.639
9862,329,176,799,-15.015,-9.277,3.296
9870,357,216,807,-17.456,-13.245,-854
9879,338,210,861,-16.052,-21.301,-6.348
9887,297,180,932,-11.658,-29.785,-11.353
9896,235,138,988,-6.165,-35.583,-13.977
9904,196,103,1.015,-1.160,-35.706,-13.184
9913,173,65,1.023,2.014,-31.494,-10.559
9921,159,45,1.002,2.075,-24.536,-7.080
9930,176,46,956,-61,-17.151,-3.174
,,,,,,
10607,-363,547,2.989,-88.684,-65.186,-15.259
10616,-508,585,3.225,-66.101,-13.123,-13.550
10624,-518,607,3.197,-28.076,58.411,-7.019
10632,-367,564,2.974,22.034,128.174,3.052
10641,-227,462,2.835,66.345,162.964,12.939
10649,-244,266,2.852,90.332,165.955,15.503
10658,-316,121,2.763,98.328,181.763,15.808
10666,-324,52,2.501,99.854,223.572,20.691
10675,-302,2,2.176,98.877,264.221,29.236
10683,-327,-38,1.870,95.154,298.950,38.391
10692,-207,-1,1.598,89.111,334.229,48.462
10700,-175,80,1.416,81.055,348.999,55.847
10709,-200,167,1.306,70.374,350.403,56.702
10717,-298,234,1.139,56.519,355.652,51.270
10726,-370,267,857,43.396,375.610,44.373
10734,-400,312,518,34.851,400.879,39.490
10742,-384,320,185,31.311,413.757,35.889
10751,-292,339,-133,29.846,413.391,31.799
10759,-192,395,-356,30.762,398.926,27.771
10768,-122,438,-512,37.170,369.324,22.156
10777,-59,398,-658,44.983,333.862,14.709
10785,-59,357,-772,53.589,298.279,5.798
10794,-23,339,-877,62.439,264.832,-732
10802,14,274,-994,69.763,233.521,-5.310
10810,5,178,-1.124,79.041,206.848,-9.949
10819,22,99,-1.276,83.984,184.631,-11.292
10827,60,44,-1.440,82.458,166.077,-8.301
10836,111,20,-1.604,75.623,150.208,-3.479
10844,173,7,-1.760,64.026,134.460,2.075
10853,250,0,-1.883,49.316,116.150,7.751
10861,335,10,-1.961,32.532,93.994,13.062
10869,441,36,-1.968,15.442,68.604,17.578
10878,551,67,-1.903,-1.038,37.781,20.142
10887,628,95,-1.752,-15.259,2.441,18.799
10895,672,115,-1.516,-26.917,-34.729,14.038
10903,666,127,-1.242,-36.133,-70.496,7.324
10912,644,158,-977,-43.762,-99.365,1.404
10920,651,177,-716,-48.584,-123.047,-2.686
10929,646,186,-472,-49.927,-143.555,-6.165
10937,635,174,-246,-46.875,-158.386,-9.705
10946,610,144,-51,-41.443,-167.542,-12.024
10954,569,114,107,-34.607,-171.875,-12.573
10962,543,70,212,-27.527,-168.762,-11.597
10971,563,49,265,-21.118,-158.936,-8.728
10980,609,65,302,-13.855,-148.499,-3.784
10988,628,88,331,-4.761,-142.578,-183
10997,632,111,343,4.028,-139.465,1.038
11005,662,127,339,10.315,-136.292,-305
11014,691,83,345,13.611,-135.376,-4.639
11022,636,-16,351,12.512,-149.536,-13.916
11030,582,-126,467,4.517,-158.752,-20.020
11039,562,-160,578,-10.986,-153.137,-18.921
11048,587,-106,690,-29.053,-146.729,-13.000
11056,628,-18,798,-40.771,-140.869,-6.287
11064,623,38,885,-42.053,-136.719,-1.892
11073,583,87,898,-34.546,-131.470,3.113
11081,560,129,843,-21.912,-125.061,8.057
11089,589,151,758,-7.080,-115.906,10.681
11098,604,171,635,5.249,-109.985,10.010
11107,654,177,542,12.024,-109.741,4.639
11115,699,162,497,12.573,-114.563,-4.456
11123,677,81,536,8.362,-125.793,-15.808
11132,606,-11,677,-1.282,-141.724,-26.367
11140,530,-43,850,-14.954,-154.114,-31.555
11149,434,-26,958,-28.564,-155.640,-30.151
11157,398,0,987,-37.292,-145.447,-23.987
11166,406,46,937,-39.246,-129.395,-15.259
11175,443,171,868,-34.546,-115.479,-6.042
11183,515,320,832,-21.912,-108.215,-1.221
11191,591,361,860,-5.615,-107.239,-3.784
11200,610,272,917,7.324,-116.516,-14.282
11208,524,129,1.050,10.803,-136.902,-28.992
11217,387,-14,1.305,3.479,-155.518,-42.603
11225,296,-106,1.469,-9.827,-153.259,-45.044
11234,246,-163,1.490,-24.170,-137.146,-38.452
11242,219,-162,1.427,-38.330,-111.877,-26.489
11251,246,-95,1.304,-48.523,-76.538,-12.207
11259,357,4,1.151,-50.293,-47.241,1.343
11267,443,110,1.033,-40.039,-36.499,12.878
11276,518,200,977,-20.569,-38.696,18.188
11284,512,241,970,2.197,-52.185,16.113
11293,466,209,1.011,21.423,-69.885,9.521
11302,438,85,1.083,27.649,-81.787,-549
11310,397,-10,1.123,16.479,-82.947,-11.108
11318,357,-48,1.143,-3.479,-78.125,-18.250
11327,340,-43,1.166,-21.851,-71.289,-19.653
11335,302,-2,1.156,-34.302,-61.768,-16.602
11344,289,52,1.112,-38.879,-49.683,-10.864
11352,314,118,1.054,-36.621,-38.818,-5.005
11361,363,190,1.015,-28.931,-32.288,-1.465
11369,397,237,1.004,-16.968,-32.104,-732
11378,397,232,1.018,-3.296,-38.208,-3.113
11386,370,171,1.053,8.850,-46.082,-7.874
11395,334,93,1.087,15.625,-50.293,-12.756
11403,305,22,1.098,15.259,-49.377,-15.320
11411,291,-28,1.085,9.155,-44.067,-15.930
11420,276,-61,1.068,610,-37.170,-14.709
11428,265,-72,1.059,-8.667,-30.029,-11.719
11437,269,-39,1.039,-17.273,-22.888,-7.996
11446,290,8,1.010,-22.949,-15.808,-4.272
11454,297,56,990,-23.743,-12.634,-2.136
11462,305,96,985,-19.836,-12.634,-2.136
11471,302,95,976,-13.611,-15.259,-2.686
11479,293,63,980,-7.324,-18.005,-3.479
11487,274,20,976,-4.395,-19.592,-4.150
11496,264,1,957,-5.188,-18.616,-3.845
11504,270,5,931,-8.667,-16.418,-2.808
11513,274,11,927,-13.000,-15.503,-1.953
11521,270,25,949,-17.212,-15.564,-1.282
11530,259,36,973,-20.081,-15.808,-977
11538,246,33,993,-20.813,-15.564,-549
11547,241,22,1.001,-19.958,-14.221,1.038
11555,246,17,1.001,-19.165,-12.390,3.113
11564,239,23,995,-18.555,-10.742,5.310
11572,250,38,978,-17.578,-8.484,7.202
11581,258,61,954,-15.259,-7.629,8.789
11589,268,98,943,-11.169,-7.935,9.827
11598,270,119,944,-6.104,-9.583,9.460
11606,267,131,948,-1.221,-11.536,7.751
,,,,,,
12538,440,397,-2.125,66.223,64.209,-6.348
12546,548,301,-2.109,60.608,26.123,-13.672
12555,592,173,-1.933,44.861,-17.944,-22.644
12563,550,76,-1.640,20.508,-62.561,-31.189
12571,511,43,-1.359,-7.507,-97.046,-36.194
12580,493,43,-1.060,-32.898,-123.657,-38.818
12589,471,63,-783,-52.307,-145.203,-40.649
12597,453,102,-562,-62.134,-159.363,-39.978
12606,454,113,-411,-60.913,-165.344,-37.415
12614,465,91,-318,-51.453,-165.955,-33.630
12622,485,53,-254,-39.856,-166.321,-29.236
12631,513,39,-175,-31.189,-168.274,-25.269
12639,563,35,-63,-26.794,-172.791,-24.292
12648,572,14,60,-25.146,-178.467,-26.550
12656,548,-8,188,-25.330,-183.472,-28.870
12665,519,-24,297,-28.015,-185.913,-29.358
12673,518,-64,390,-34.241,-183.777,-29.114
12682,517,-143,470,-44.617,-177.551,-29.053
12690,492,-236,555,-60.425,-171.204,-27.039
12698,498,-258,623,-80.627,-161.377,-20.386
12707,541,-187,731,-98.755,-149.170,-10.376
12715,589,-80,807,-108.337,-140.137,-1.099
12724,605,36,875,-104.492,-137.878,6.531
12732,626,169,921,-87.219,-135.864,13.489
12741,653,280,934,-60.974,-135.498,16.479
12749,687,303,901,-33.813,-138.611,11.963
12758,727,201,814,-15.869,-140.564,366
12766,714,99,740,-11.353,-142.395,-14.404
12775,704,-16,830,-15.320,-151.184,-26.489
12783,608,-139,1.007,-27.832,-165.100,-35.217
12792,505,-188,1.153,-45.837,-169.373,-38.452
12800,402,-165,1.212,-60.669,-160.339,-32.288
12808,408,-105,1.203,-66.101,-140.808,-20.508
12817,465,-43,1.139,-60.242,-120.544,-8.850
12826,501,9,1.055,-46.204,-106.995,366
12834,511,58,995,-28.931,-102.905,8.606
12842,504,96,948,-12.085,-105.896,13.000
12851,503,125,923,-854,-110.718,11.414
12860,534,101,891,244,-113.647,2.930
12868,552,3,907,-11.292,-116.882,-10.681
12876,471,-116,1.037,-31.738,-124.023,-24.475
12885,353,-177,1.216,-55.725,-130.615,-32.593
12893,209,-165,1.321,-76.050,-126.892,-31.372
12902,167,-112,1.335,-87.830,-109.375,-21.301
12910,228,-10,1.257,-89.783,-83.191,-8.362
12919,320,97,1.138,-80.933,-59.998,3.418
12927,370,186,1.072,-61.035,-48.584,14.465
12936,395,266,1.060,-34.180,-47.424,21.851
12944,432,310,1.080,-8.423,-51.819,22.400
12953,446,272,1.109,9.460,-60.974,14.465
12961,416,165,1.111,15.625,-71.472,1.526
12969,375,52,1.123,11.108,-77.942,-9.949
12978,324,-31,1.165,732,-77.820,-15.503
12987,262,-74,1.207,-12.451,-74.524,-15.991
12995,200,-56,1.203,-25.330,-62.927,-11.658
13003,204,12,1.127,-34.424,-42.419,-3.296
13012,291,111,1.025,-36.438,-22.827,4.333
13020,380,198,966,-29.846,-13.489,9.033
13029,409,256,949,-16.602,-16.113,10.376
13037,411,262,957,-1.770,-26.001,7.385
13046,401,213,983,9.460,-37.109,610
13054,363,135,1.014,12.756,-44.250,-6.958
13063,315,82,1.034,10.254,-46.509,-12.268
13071,282,48,1.053,4.883,-45.410,-13.916
13080,262,15,1.067,-977,-41.809,-12.634
13088,235,3,1.062,-7.080,-35.095,-9.460
13097,225,26,1.030,-12.939,-25.879,-5.188
13105,270,72,976,-16.357,-15.869,-793
13113,328,120,945,-16.296,-10.925,2.319
13122,338,143,948,-12.268,-13.733,2.197
13130,318,134,970,-6.348,-20.142,183
13139,294,103,992,-1.465,-25.024,-2.075
13147,273,63,1.003,1.160,-26.550,-3.174
13156,257,36,1.001,916,-25.330,-2.808
13164,246,20,1.000,-1.709,-22.644,-1.282
13173,233,12,987,-5.920,-18.677,793
13181,231,23,957,-11.414,-13.794,3.418
13190,253,58,928,-16.174,-9.216,6.348
13198,279,100,915,-19.104,-7.446,7.812
13206,280,137,924,-18.799,-9.033,7.629
13215,286,156,934,-15.686,-12.024,6.470
13224,277,154,948,-11.841,-15.686,4.639
13232,271,138,968,-8.545,-18.066,2.380
13240,255,118,976,-6.348,-19.043,916
13249,250,102,972,-5.798,-18.250,366
13257,245,93,955,-6.836,-16.541,366
13266,243,95,939,-8.850,-15.137,1.343
13274,226,119,948,-10.864,-14.099,2.197
13283,191,261,1.064,-10.559,-10.864,2.258
13291,186,296,1.328,7.263,732,1.099
13300,239,206,1.078,31.921,19.592,4.089
13308,290,112,950,35.645,15.564,7.202
13316,336,64,992,30.090,7.874,4.578
13325,276,50,1.036,18.921,2.563,366
13334,246,51,1.058,7.507,2.686,-1.099
13342,257,53,1.002,61,5.859,244
13350,278,64,957,-4.395,7.568,1.892
13359,284,77,916,-7.507,7.874,2.625
13367,281,105,905,-9.338,7.385,2.319
13376,280,109,904,-8.179,6.775,1.953
13384,277,122,892,-5.554,5.127,1.953
13393,281,130,892,-2.808,3.296,1.831
13401,258,126,887,-671,1.221,1.709
13410,260,131,900,305,-2.319,1.831
13419,253,136,919,1.587,-3.906,2.686
13427,246,146,924,2.014,-3.662,3.479
13436,249,142,920,2.747,-2.319,3.479
13444,253,130,909,3.296,-1.343,3.174
13452,252,123,911,3.479,-977,2.869
13461,256,119,921,2.930,-1.038,2.747
13469,258,108,931,2.502,-1.160,2.136
13477,255,98,943,2.197,-1.709,1.343
13486,253,92,950,2.625,-2.991,916
13494,250,86,943,2.991,-3.540,854
13503,249,76,932,2.502,-3.845,793
13511,247,68,922,1.343,-3.784,427
13520,245,71,912,61,-3.540,671
13528,247,85,909,-305,-3.113,1.343
13537,249,95,914,122,-2.258,1.892
,,,,,,
14223,133,347,2.065,42.297,60.547,5.249
14231,141,250,2.108,61.523,70.374,4.822
14240,117,153,2.124,70.496,82.642,4.517
14248,92,63,2.139,71.777,99.915,5.737
14257,41,-30,2.176,65.979,117.859,8.606
14265,4,-48,2.192,54.443,139.709,14.282
14273,-10,-9,2.165,42.114,167.664,22.705
14282,-13,87,2.105,34.424,196.472,30.334
14290,19,206,2.016,35.522,225.586,36.682
14299,70,310,1.854,44.983,251.221,40.588
14307,127,364,1.720,59.937,269.104,41.199
14316,142,339,1.575,73.608,278.748,37.415
14324,125,274,1.404,82.581,286.987,32.959
14333,121,202,1.203,87.646,296.997,30.945
14341,108,157,987,86.914,305.237,30.518
14350,157,132,796,81.177,311.584,31.555
14358,164,143,648,71.045,309.937,32.043
14367,135,160,543,56.824,301.697,29.724
14375,95,225,433,41.138,297.180,25.024
14384,90,282,324,30.273,294.556,20.630
14392,47,331,219,28.381,288.635,16.907
14400,13,345,99,33.508,279.907,13.489
14409,27,335,-44,40.283,274.963,9.277
14417,67,310,-193,45.715,268.921,5.615
14426,115,247,-302,49.988,258.789,793
14434,131,177,-371,53.833,244.080,-3.906
14443,126,119,-470,57.678,227.661,-7.324
14452,128,88,-576,60.730,210.876,-8.606
14460,126,71,-702,61.462,199.097,-8.423
14468,162,66,-849,60.303,191.833,-8.118
14477,218,86,-1.006,59.265,185.303,-6.836
14486,249,115,-1.142,60.608,172.729,-6.287
14494,277,130,-1.275,63.416,157.288,-6.226
14502,295,111,-1.429,67.383,140.564,-6.531
14510,325,72,-1.570,70.923,121.033,-4.761
14519,416,18,-1.653,71.594,98.389,-183
14528,505,-35,-1.647,66.101,70.557,5.371
14536,573,-90,-1.555,51.208,38.513,8.911
14544,629,-109,-1.418,26.733,8.179,10.437
14553,645,-90,-1.236,-1.648,-20.630,10.254
14561,630,-13,-1.035,-28.137,-46.021,10.132
14570,626,62,-874,-49.377,-64.758,11.108
14578,646,127,-706,-61.707,-80.261,12.634
14587,674,175,-539,-65.979,-92.834,13.489
14595,694,204,-386,-64.758,-102.966,12.390
14604,695,205,-274,-59.326,-110.779,8.789
14612,700,196,-212,-51.086,-115.234,4.150
14621,734,193,-176,-40.894,-116.882,732
14629,760,174,-136,-29.785,-120.117,-1.709
14638,763,134,-98,-19.104,-125.671,-4.517
14646,743,96,-79,-11.108,-130.493,-8.179
14655,726,71,-72,-5.920,-133.728,-11.414
14663,717,45,-67,-2.991,-136.963,-13.123
14672,714,25,-50,-2.625,-141.357,-14.648
14680,719,22,-10,-3.723,-146.545,-16.113
14688,697,3,39,-5.676,-153.198,-17.944
14697,642,-35,95,-7.935,-159.973,-18.921
14706,601,-61,148,-11.719,-162.842,-18.127
14714,597,-53,199,-17.151,-161.560,-15.320
14723,615,-30,240,-22.644,-159.851,-12.207
14731,634,24,287,-25.940,-159.668,-9.033
14739,636,89,336,-24.292,-160.339,-7.385
14748,637,134,370,-18.311,-162.537,-8.362
14756,627,115,418,-10.437,-166.687,-11.169
14765,596,42,485,-6.042,-171.326,-15.564
14773,588,1,570,-9.399,-173.218,-20.691
14781,603,-23,684,-18.494,-173.218,-24.719
14790,573,-46,795,-29.358,-174.072,-27.283
14799,549,-39,913,-39.490,-175.049,-28.015
14807,534,7,985,-45.654,-170.898,-27.039
14816,510,36,1.016,-45.349,-162.354,-24.475
14824,499,49,1.018,-38.208,-153.259,-20.691
14832,477,38,978,-26.978,-141.785,-15.808
14841,509,37,909,-15.320,-129.456,-10.376
14850,577,15,875,-5.249,-120.789,-6.592
14858,579,-12,914,610,-120.483,-6.836
14866,534,-37,985,977,-124.756,-10.071
14875,505,-82,1.042,-4.822,-126.282,-14.404
14883,475,-93,1.106,-16.663,-123.779,-18.250
14892,453,-82,1.158,-31.372,-116.760,-20.691
14900,443,-57,1.160,-44.189,-106.506,-21.423
14908,441,-24,1.138,-52.063,-96.375,-20.020
14917,449,12,1.109,-53.284,-88.318,-17.029
14925,454,39,1.070,-48.462,-82.336,-13.733
14934,462,56,1.022,-37.109,-78.186,-10.498